hour,agg,class0,class1,class2,class3,class4,class5,class6,class7,class8,class9,class11
0,0,0,0,0,0,0,0,0,0,0,0,0
91,189760.17099999974,1,1,1,1,1,1,1,1,1,1,1
92,656141.1420000009,1,1,1,1,1,1,1,1,1,1,1
93,650957.5870000002,1,1,1,1,1,1,1,1,1,1,1
94,651607.1079999987,1,1,1,1,1,1,1,1,1,1,1
95,662107.2779999992,1,1,1,1,1,1,1,1,1,1,1
96,647410.5430000012,1,1,1,1,1,1,1,1,1,1,1
97,656481.8910000008,1,1,1,1,1,1,1,1,1,1,1
98,647614.8680000011,1,1,1,1,1,1,1,1,1,1,1
99,656808.2950000002,1,1,1,1,1,1,1,1,1,1,1
100,658514.0489999996,1,1,1,1,1,1,1,1,1,1,1
101,648695.9970000008,1,1,1,1,1,1,1,1,1,1,1
102,434009.70699999976,1,1,1,1,1,1,1,1,1,1,1
5,299203.31499999994,1,1,1,1,1,1,1,1,1,1,1
6,239044.67199999993,1,1,1,1,1,1,1,1,1,1,1
102,258093.3089999995,1,1,1,1,1,1,1,1,1,1,1
103,697435.6629999981,1,1,1,1,1,1,1,1,1,1,1
104,680604.4959999986,1,1,1,1,1,1,1,1,1,1,1
105,698270.2440000012,1,1,1,1,1,1,1,1,1,1,1
106,689573.9119999994,1,1,1,1,1,1,1,1,1,1,1
107,694239.4240000006,1,1,1,1,1,1,1,1,1,1,1
108,694980.465000001,1,1,1,1,1,1,1,1,1,1,1
109,664738.5990000018,1,1,1,1,1,1,1,1,1,1,1
110,490879.7999999991,1,1,1,1,1,1,1,1,1,1,1
111,659083.9970000011,1,1,1,1,1,1,1,1,1,1,1
112,656644.5720000023,1,1,1,1,1,1,1,1,1,1,1
113,51522.23999999996,1,1,1,1,1,1,1,1,1,1,1
6,407451.00400000054,1,1,1,1,1,1,1,1,1,1,1
7,132080.01099999985,1,1,1,1,1,1,1,1,1,1,1
113,628995.7620000019,1,1,1,1,1,1,1,1,1,1,1
114,688673.1589999972,1,1,1,1,1,1,1,1,1,1,1
115,681168.3920000007,1,1,1,1,1,1,1,1,1,1,1
116,684573.66,1,1,1,1,1,1,1,1,1,1,1
117,706653.1929999982,1,1,1,1,1,1,1,1,1,1,1
118,694140.9599999996,1,1,1,1,1,1,1,1,1,1,1
119,694372.0859999983,1,1,1,1,1,1,1,1,1,1,1
120,687564.7529999983,1,1,1,1,1,1,1,1,1,1,1
121,676507.0689999991,1,1,1,1,1,1,1,1,1,1,1
122,224457.50700000016,1,1,1,1,1,1,1,1,1,1,1
7,510968.4499999996,1,1,1,1,1,1,1,1,1,1,1
8,26558.325999999994,1,1,1,1,1,1,1,1,1,1,1
122,463892.68099999893,1,1,1,1,1,1,1,1,1,1,1
123,686131.8590000022,1,1,1,1,1,1,1,1,1,1,1
124,687262.3910000017,1,1,1,1,1,1,1,1,1,1,1
125,684547.2999999982,1,1,1,1,1,1,1,1,1,1,1
126,691743.6850000031,1,1,1,1,1,1,1,1,1,1,1
127,683315.6570000013,1,1,1,1,1,1,1,1,1,1,1
128,707746.957999999,1,1,1,1,1,1,1,1,1,1,1
129,687688.2889999986,1,1,1,1,1,1,1,1,1,1,1
130,674134.4730000005,1,1,1,1,1,1,1,1,1,1,1
131,690055.501000003,1,1,1,1,1,1,1,1,1,1,1
132,237610.1729999998,1,1,1,1,1,1,1,1,1,1,1
8,536643.5629999987,1,1,1,1,1,1,1,1,1,1,1
132,459172.0300000002,1,1,1,1,1,1,1,1,1,1,1
133,697096.4439999992,1,1,1,1,1,1,1,1,1,1,1
134,696581.6370000013,1,1,1,1,1,1,1,1,1,1,1
135,690198.0700000013,1,1,1,1,1,1,1,1,1,1,1
136,704393.9800000009,1,1,1,1,1,1,1,1,1,1,1
137,688993.1509999996,1,1,1,1,1,1,1,1,1,1,1
138,692712.435000001,1,1,1,1,1,1,1,1,1,1,1
139,701637.5650000005,1,1,1,1,1,1,1,1,1,1,1
140,688854.391000001,1,1,1,1,1,1,1,1,1,1,1
141,370839.57,1,1,1,1,1,1,1,1,1,1,1
8,79105.85400000008,1,1,1,1,1,1,1,1,1,1,1
9,657225.5929999994,1,1,1,1,1,1,1,1,1,1,1
10,354916.2349999996,1,1,1,1,1,1,1,1,1,1,1
141,314650.07200000004,1,1,1,1,1,1,1,1,1,1,1
142,686143.5780000008,1,1,1,1,1,1,1,1,1,1,1
143,678242.965,1,1,1,1,1,1,1,1,1,1,1
144,688383.5719999997,1,1,1,1,1,1,1,1,1,1,1
145,702584.3200000019,1,1,1,1,1,1,1,1,1,1,1
146,692918.3229999982,1,1,1,1,1,1,1,1,1,1,1
147,699906.0979999992,1,1,1,1,1,1,1,1,1,1,1
148,686017.2139999991,1,1,1,1,1,1,1,1,1,1,1
149,687697.1530000007,1,1,1,1,1,1,1,1,1,1,1
150,522513.0780000003,1,1,1,1,1,1,1,1,1,1,1
10,297935.90599999984,1,1,1,1,1,1,1,1,1,1,1
11,244291.76800000004,1,1,1,1,1,1,1,1,1,1,1
150,176080.13699999996,1,1,1,1,1,1,1,1,1,1,1
151,687909.0480000032,1,1,1,1,1,1,1,1,1,1,1
152,696286.4399999995,1,1,1,1,1,1,1,1,1,1,1
153,689364.6960000005,1,1,1,1,1,1,1,1,1,1,1
154,698479.8980000021,1,1,1,1,1,1,1,1,1,1,1
155,683360.6420000023,1,1,1,1,1,1,1,1,1,1,1
156,688242.4010000008,1,1,1,1,1,1,1,1,1,1,1
157,690660.2839999975,1,1,1,1,1,1,1,1,1,1,1
158,677936.1109999999,1,1,1,1,1,1,1,1,1,1,1
159,685649.0820000004,1,1,1,1,1,1,1,1,1,1,1
160,527268.0210000006,1,1,1,1,1,1,1,1,1,1,1
11,408581.3380000006,1,1,1,1,1,1,1,1,1,1,1
12,139523.92400000012,1,1,1,1,1,1,1,1,1,1,1
160,150913.01300000004,1,1,1,1,1,1,1,1,1,1,1
161,687334.9860000015,1,1,1,1,1,1,1,1,1,1,1
162,694958.3850000005,1,1,1,1,1,1,1,1,1,1,1
163,685992.8779999999,1,1,1,1,1,1,1,1,1,1,1
164,688531.1770000003,1,1,1,1,1,1,1,1,1,1,1
165,690530.1459999989,1,1,1,1,1,1,1,1,1,1,1
166,695568.1210000017,1,1,1,1,1,1,1,1,1,1,1
167,686474.2879999991,1,1,1,1,1,1,1,1,1,1,1
168,646030.7980000002,1,1,1,1,1,1,1,1,1,1,1
169,682632.6840000005,1,1,1,1,1,1,1,1,1,1,1
170,144027.8999999999,1,1,1,1,1,1,1,1,1,1,1
12,508345.61099999957,1,1,1,1,1,1,1,1,1,1,1
13,35330.78899999998,1,1,1,1,1,1,1,1,1,1,1
170,534340.6430000011,1,1,1,1,1,1,1,1,1,1,1
171,699679.913000001,1,1,1,1,1,1,1,1,1,1,1
172,688302.6879999989,1,1,1,1,1,1,1,1,1,1,1
173,688797.6150000034,1,1,1,1,1,1,1,1,1,1,1
174,708024.5969999993,1,1,1,1,1,1,1,1,1,1,1
175,691037.7849999992,1,1,1,1,1,1,1,1,1,1,1
176,698565.1100000016,1,1,1,1,1,1,1,1,1,1,1
177,705218.8809999984,1,1,1,1,1,1,1,1,1,1,1
178,697026.1570000012,1,1,1,1,1,1,1,1,1,1,1
179,277095.00699999963,1,1,1,1,1,1,1,1,1,1,1
13,544660.5850000012,1,1,1,1,1,1,1,1,1,1,1
179,426820.46300000063,1,1,1,1,1,1,1,1,1,1,1
180,695914.3229999997,1,1,1,1,1,1,1,1,1,1,1
181,698689.8609999991,1,1,1,1,1,1,1,1,1,1,1
182,709826.5129999999,1,1,1,1,1,1,1,1,1,1,1
183,694849.1860000003,1,1,1,1,1,1,1,1,1,1,1
184,698052.5450000014,1,1,1,1,1,1,1,1,1,1,1
185,697349.4189999995,1,1,1,1,1,1,1,1,1,1,1
186,691244.9170000023,1,1,1,1,1,1,1,1,1,1,1
187,695474.9290000006,1,1,1,1,1,1,1,1,1,1,1
188,452434.05199999997,1,1,1,1,1,1,1,1,1,1,1
13,72643.50300000006,1,1,1,1,1,1,1,1,1,1,1
14,470978.5059999995,1,1,1,1,1,1,1,1,1,1,1
-3,5515.109,1,1,1,1,1,1,1,1,1,1,1
-2,539125.9580000006,1,1,1,1,1,1,1,1,1,1,1
188,241515.06800000012,1,1,1,1,1,1,1,1,1,1,1
189,684456.0649999998,1,1,1,1,1,1,1,1,1,1,1
190,679978.6269999992,1,1,1,1,1,1,1,1,1,1,1
191,682565.8340000026,1,1,1,1,1,1,1,1,1,1,1
192,679512.8100000002,1,1,1,1,1,1,1,1,1,1,1
193,709618.9550000014,1,1,1,1,1,1,1,1,1,1,1
194,699894.6090000015,1,1,1,1,1,1,1,1,1,1,1
195,701133.141000002,1,1,1,1,1,1,1,1,1,1,1
196,692642.7630000005,1,1,1,1,1,1,1,1,1,1,1
197,576713.9370000007,1,1,1,1,1,1,1,1,1,1,1
14,181422.52099999983,1,1,1,1,1,1,1,1,1,1,1
15,657212.6549999992,1,1,1,1,1,1,1,1,1,1,1
16,274171.02099999995,1,1,1,1,1,1,1,1,1,1,1
197,123017.90899999999,1,1,1,1,1,1,1,1,1,1,1
198,695163.706999999,1,1,1,1,1,1,1,1,1,1,1
199,670778.6590000015,1,1,1,1,1,1,1,1,1,1,1
200,636774.0769999998,1,1,1,1,1,1,1,1,1,1,1
201,586733.2840000007,1,1,1,1,1,1,1,1,1,1,1
202,534850.4789999985,1,1,1,1,1,1,1,1,1,1,1
203,543393.2769999997,1,1,1,1,1,1,1,1,1,1,1
204,658521.2019999971,1,1,1,1,1,1,1,1,1,1,1
205,718672.0629999995,1,1,1,1,1,1,1,1,1,1,1
206,709258.6320000013,1,1,1,1,1,1,1,1,1,1,1
207,682852.9200000002,1,1,1,1,1,1,1,1,1,1,1
208,703208.6960000017,1,1,1,1,1,1,1,1,1,1,1
209,43940.089000000014,1,1,1,1,1,1,1,1,1,1,1
16,371351.88600000064,1,1,1,1,1,1,1,1,1,1,1
17,185503.68299999973,1,1,1,1,1,1,1,1,1,1,1
209,668072.6729999993,1,1,1,1,1,1,1,1,1,1,1
210,707561.2969999982,1,1,1,1,1,1,1,1,1,1,1
211,709193.7310000008,1,1,1,1,1,1,1,1,1,1,1
212,707049.7209999984,1,1,1,1,1,1,1,1,1,1,1
213,699843.250000002,1,1,1,1,1,1,1,1,1,1,1
214,678051.0249999989,1,1,1,1,1,1,1,1,1,1,1
215,696520.9909999992,1,1,1,1,1,1,1,1,1,1,1
216,692967.3079999991,1,1,1,1,1,1,1,1,1,1,1
217,700280.0109999987,1,1,1,1,1,1,1,1,1,1,1
218,369252.39899999974,1,1,1,1,1,1,1,1,1,1,1
17,471230.4060000002,1,1,1,1,1,1,1,1,1,1,1
18,83623.218,1,1,1,1,1,1,1,1,1,1,1
218,326501.4270000004,1,1,1,1,1,1,1,1,1,1,1
219,697202.0689999999,1,1,1,1,1,1,1,1,1,1,1
220,699238.5790000018,1,1,1,1,1,1,1,1,1,1,1
221,697802.0470000006,1,1,1,1,1,1,1,1,1,1,1
222,710901.2749999993,1,1,1,1,1,1,1,1,1,1,1
223,716769.4209999993,1,1,1,1,1,1,1,1,1,1,1
224,643347.5550000007,1,1,1,1,1,1,1,1,1,1,1
225,619530.1010000001,1,1,1,1,1,1,1,1,1,1,1
226,695134.8940000014,1,1,1,1,1,1,1,1,1,1,1
227,654765.6769999983,1,1,1,1,1,1,1,1,1,1,1
228,97062.584,1,1,1,1,1,1,1,1,1,1,1
18,557442.103000001,1,1,1,1,1,1,1,1,1,1,1
228,602859.406,1,1,1,1,1,1,1,1,1,1,1
229,716679.4069999994,1,1,1,1,1,1,1,1,1,1,1
230,672023.6340000003,1,1,1,1,1,1,1,1,1,1,1
231,714257.5830000004,1,1,1,1,1,1,1,1,1,1,1
232,699411.1900000004,1,1,1,1,1,1,1,1,1,1,1
233,709045.7869999976,1,1,1,1,1,1,1,1,1,1,1
234,702155.2359999986,1,1,1,1,1,1,1,1,1,1,1
235,703748.1700000003,1,1,1,1,1,1,1,1,1,1,1
236,698639.6229999999,1,1,1,1,1,1,1,1,1,1,1
237,332857.43,1,1,1,1,1,1,1,1,1,1,1
18,16132.376999999997,1,1,1,1,1,1,1,1,1,1,1
19,525465.9339999997,1,1,1,1,1,1,1,1,1,1,1
237,368297.6990000004,1,1,1,1,1,1,1,1,1,1,1
238,706122.614000002,1,1,1,1,1,1,1,1,1,1,1
239,714977.5020000002,1,1,1,1,1,1,1,1,1,1,1
240,703643.4330000018,1,1,1,1,1,1,1,1,1,1,1
241,694135.0590000002,1,1,1,1,1,1,1,1,1,1,1
242,697247.4489999984,1,1,1,1,1,1,1,1,1,1,1
243,703548.1559999995,1,1,1,1,1,1,1,1,1,1,1
244,704779.2960000018,1,1,1,1,1,1,1,1,1,1,1
245,704707.8599999987,1,1,1,1,1,1,1,1,1,1,1
246,486116.0580000005,1,1,1,1,1,1,1,1,1,1,1
19,122489.3,1,1,1,1,1,1,1,1,1,1,1
20,418777.124,1,1,1,1,1,1,1,1,1,1,1
246,222340.1970000002,1,1,1,1,1,1,1,1,1,1,1
247,719696.6509999994,1,1,1,1,1,1,1,1,1,1,1
248,719436.5500000018,1,1,1,1,1,1,1,1,1,1,1
249,719138.7699999994,1,1,1,1,1,1,1,1,1,1,1
250,715693.2880000018,1,1,1,1,1,1,1,1,1,1,1
251,722834.5160000013,1,1,1,1,1,1,1,1,1,1,1
252,710466.02,1,1,1,1,1,1,1,1,1,1,1
253,718412.889999999,1,1,1,1,1,1,1,1,1,1,1
254,717681.0060000009,1,1,1,1,1,1,1,1,1,1,1
255,625992.8080000019,1,1,1,1,1,1,1,1,1,1,1
20,231302.86800000034,1,1,1,1,1,1,1,1,1,1,1
21,319459.20599999954,1,1,1,1,1,1,1,1,1,1,1
255,87401.32400000002,1,1,1,1,1,1,1,1,1,1,1
256,708928.148,1,1,1,1,1,1,1,1,1,1,1
257,728728.546000002,1,1,1,1,1,1,1,1,1,1,1
258,716979.6060000001,1,1,1,1,1,1,1,1,1,1,1
259,712921.7709999989,1,1,1,1,1,1,1,1,1,1,1
260,714480.9730000012,1,1,1,1,1,1,1,1,1,1,1
261,715980.2699999996,1,1,1,1,1,1,1,1,1,1,1
262,718277.371,1,1,1,1,1,1,1,1,1,1,1
263,732448.9290000014,1,1,1,1,1,1,1,1,1,1,1
264,701555.9150000021,1,1,1,1,1,1,1,1,1,1,1
265,75758.02999999994,1,1,1,1,1,1,1,1,1,1,1
21,344313.12099999946,1,1,1,1,1,1,1,1,1,1,1
22,209533.37500000032,1,1,1,1,1,1,1,1,1,1,1
265,640838.2070000025,1,1,1,1,1,1,1,1,1,1,1
266,715355.5400000018,1,1,1,1,1,1,1,1,1,1,1
267,714012.6080000021,1,1,1,1,1,1,1,1,1,1,1
268,710716.6810000018,1,1,1,1,1,1,1,1,1,1,1
269,700450.3640000003,1,1,1,1,1,1,1,1,1,1,1
270,671856.8280000001,1,1,1,1,1,1,1,1,1,1,1
271,586961.586,1,1,1,1,1,1,1,1,1,1,1
272,562674.5780000008,1,1,1,1,1,1,1,1,1,1,1
273,550984.1469999995,1,1,1,1,1,1,1,1,1,1,1
274,545661.7539999998,1,1,1,1,1,1,1,1,1,1,1
275,547483.3099999997,1,1,1,1,1,1,1,1,1,1,1
276,542031.730000002,1,1,1,1,1,1,1,1,1,1,1
277,555662.9619999991,1,1,1,1,1,1,1,1,1,1,1
278,383244.55899999966,1,1,1,1,1,1,1,1,1,1,1
22,447318.84000000067,1,1,1,1,1,1,1,1,1,1,1
23,648797.5839999988,1,1,1,1,1,1,1,1,1,1,1
278,159086.09399999975,1,1,1,1,1,1,1,1,1,1,1
279,541234.156000001,1,1,1,1,1,1,1,1,1,1,1
280,550893.1419999982,1,1,1,1,1,1,1,1,1,1,1
281,538779.4650000003,1,1,1,1,1,1,1,1,1,1,1
282,566897.2250000014,1,1,1,1,1,1,1,1,1,1,1
283,550331.3780000006,1,1,1,1,1,1,1,1,1,1,1
284,556029.4500000011,1,1,1,1,1,1,1,1,1,1,1
285,557213.5180000017,1,1,1,1,1,1,1,1,1,1,1
286,543041.4440000001,1,1,1,1,1,1,1,1,1,1,1
287,545583.2080000007,1,1,1,1,1,1,1,1,1,1,1
288,539540.6709999993,1,1,1,1,1,1,1,1,1,1,1
289,686476.0730000009,1,1,1,1,1,1,1,1,1,1,1
290,720106.3699999993,1,1,1,1,1,1,1,1,1,1,1
291,716592.6060000004,1,1,1,1,1,1,1,1,1,1,1
292,706535.5739999998,1,1,1,1,1,1,1,1,1,1,1
293,560467.3290000003,1,1,1,1,1,1,1,1,1,1,1
23,11030.520999999997,1,1,1,1,1,1,1,1,1,1,1
24,545502.2880000004,1,1,1,1,1,1,1,1,1,1,1
-2,116714.91600000003,1,1,1,1,1,1,1,1,1,1,1
-1,424377.32600000117,1,1,1,1,1,1,1,1,1,1,1
293,168479.79400000002,1,1,1,1,1,1,1,1,1,1,1
294,721167.1599999998,1,1,1,1,1,1,1,1,1,1,1
295,718618.379999998,1,1,1,1,1,1,1,1,1,1,1
296,725718.9470000005,1,1,1,1,1,1,1,1,1,1,1
297,718107.1420000007,1,1,1,1,1,1,1,1,1,1,1
298,715334.7849999991,1,1,1,1,1,1,1,1,1,1,1
299,721305.043000001,1,1,1,1,1,1,1,1,1,1,1
300,711791.2719999995,1,1,1,1,1,1,1,1,1,1,1
301,722270.408000002,1,1,1,1,1,1,1,1,1,1,1
302,859394.3349999986,1,1,1,1,1,1,1,1,1,1,1
24,119791.94399999992,1,1,1,1,1,1,1,1,1,1,1
25,428463.7049999996,1,1,1,1,1,1,1,1,1,1,1
302,10996.668000000001,1,1,1,1,1,1,1,1,1,1,1
303,899808.3269999991,1,1,1,1,1,1,1,1,1,1,1
304,909162.6599999991,1,1,1,1,1,1,1,1,1,1,1
305,896835.0069999992,1,1,1,1,1,1,1,1,1,1,1
306,912924.4229999989,1,1,1,1,1,1,1,1,1,1,1
307,908042.5929999996,1,1,1,1,1,1,1,1,1,1,1
308,902722.3309999993,1,1,1,1,1,1,1,1,1,1,1
309,922026.0839999992,1,1,1,1,1,1,1,1,1,1,1
310,897560.2560000006,1,1,1,1,1,1,1,1,1,1,1
311,350376.3369999999,1,1,1,1,1,1,1,1,1,1,1
25,222356.86100000018,1,1,1,1,1,1,1,1,1,1,1
26,317432.6840000006,1,1,1,1,1,1,1,1,1,1,1
311,556058.5029999999,1,1,1,1,1,1,1,1,1,1,1
312,917609.1719999969,1,1,1,1,1,1,1,1,1,1,1
313,896289.7029999994,1,1,1,1,1,1,1,1,1,1,1
314,920961.2120000005,1,1,1,1,1,1,1,1,1,1,1
315,907021.6850000004,1,1,1,1,1,1,1,1,1,1,1
316,912931.9129999988,1,1,1,1,1,1,1,1,1,1,1
317,925054.0710000007,1,1,1,1,1,1,1,1,1,1,1
318,897559.1940000006,1,1,1,1,1,1,1,1,1,1,1
319,690869.3269999998,1,1,1,1,1,1,1,1,1,1,1
26,331940.2469999999,1,1,1,1,1,1,1,1,1,1,1
27,213179.17700000037,1,1,1,1,1,1,1,1,1,1,1
319,225181.756,1,1,1,1,1,1,1,1,1,1,1
320,914861.1390000026,1,1,1,1,1,1,1,1,1,1,1
321,909301.9830000009,1,1,1,1,1,1,1,1,1,1,1
322,922195.2729999991,1,1,1,1,1,1,1,1,1,1,1
323,897131.6279999987,1,1,1,1,1,1,1,1,1,1,1
324,911655.6209999991,1,1,1,1,1,1,1,1,1,1,1
325,909230.402000002,1,1,1,1,1,1,1,1,1,1,1
326,899691.9079999991,1,1,1,1,1,1,1,1,1,1,1
327,928797.3830000005,1,1,1,1,1,1,1,1,1,1,1
328,103034.21999999996,1,1,1,1,1,1,1,1,1,1,1
27,454953.52599999966,1,1,1,1,1,1,1,1,1,1,1
28,104890.60700000002,1,1,1,1,1,1,1,1,1,1,1
328,812644.7319999997,1,1,1,1,1,1,1,1,1,1,1
329,904864.1900000005,1,1,1,1,1,1,1,1,1,1,1
330,922712.3660000033,1,1,1,1,1,1,1,1,1,1,1
331,910373.8040000005,1,1,1,1,1,1,1,1,1,1,1
332,907652.5820000009,1,1,1,1,1,1,1,1,1,1,1
333,920845.6299999985,1,1,1,1,1,1,1,1,1,1,1
334,906050.4170000002,1,1,1,1,1,1,1,1,1,1,1
335,914898.9530000025,1,1,1,1,1,1,1,1,1,1,1
336,438270.597,1,1,1,1,1,1,1,1,1,1,1
28,552868.6340000001,1,1,1,1,1,1,1,1,1,1,1
336,457075.69100000005,1,1,1,1,1,1,1,1,1,1,1
337,878713.0199999994,1,1,1,1,1,1,1,1,1,1,1
338,924269.3129999973,1,1,1,1,1,1,1,1,1,1,1
339,907512.027000002,1,1,1,1,1,1,1,1,1,1,1
340,916170.4510000006,1,1,1,1,1,1,1,1,1,1,1
341,906693.8140000022,1,1,1,1,1,1,1,1,1,1,1
342,898894.2279999997,1,1,1,1,1,1,1,1,1,1,1
343,924189.7529999975,1,1,1,1,1,1,1,1,1,1,1
344,809365.4360000017,1,1,1,1,1,1,1,1,1,1,1
28,6263.108000000001,1,1,1,1,1,1,1,1,1,1,1
29,664763.0109999995,1,1,1,1,1,1,1,1,1,1,1
30,446389.85299999954,1,1,1,1,1,1,1,1,1,1,1
344,111349.776,1,1,1,1,1,1,1,1,1,1,1
345,909228.7470000004,1,1,1,1,1,1,1,1,1,1,1
346,938237.5799999988,1,1,1,1,1,1,1,1,1,1,1
347,915410.2380000001,1,1,1,1,1,1,1,1,1,1,1
348,918172.056999998,1,1,1,1,1,1,1,1,1,1,1
349,942620.5080000013,1,1,1,1,1,1,1,1,1,1,1
350,907668.8200000022,1,1,1,1,1,1,1,1,1,1,1
351,923321.1249999988,1,1,1,1,1,1,1,1,1,1,1
352,918072.8920000012,1,1,1,1,1,1,1,1,1,1,1
353,257058.83500000002,1,1,1,1,1,1,1,1,1,1,1
30,223772.9499999998,1,1,1,1,1,1,1,1,1,1,1
31,327779.8829999995,1,1,1,1,1,1,1,1,1,1,1
353,652849.6649999991,1,1,1,1,1,1,1,1,1,1,1
354,911165.2510000007,1,1,1,1,1,1,1,1,1,1,1
355,908645.5609999968,1,1,1,1,1,1,1,1,1,1,1
356,898500.4830000007,1,1,1,1,1,1,1,1,1,1,1
357,927461.9140000007,1,1,1,1,1,1,1,1,1,1,1
358,883951.9900000007,1,1,1,1,1,1,1,1,1,1,1
359,872460.3120000006,1,1,1,1,1,1,1,1,1,1,1
360,914100.6119999987,1,1,1,1,1,1,1,1,1,1,1
361,920772.1119999995,1,1,1,1,1,1,1,1,1,1,1
362,103209.49999999993,1,1,1,1,1,1,1,1,1,1,1
31,323527.87799999997,1,1,1,1,1,1,1,1,1,1,1
32,224690.23099999968,1,1,1,1,1,1,1,1,1,1,1
362,815186.2290000003,1,1,1,1,1,1,1,1,1,1,1
363,937337.3680000005,1,1,1,1,1,1,1,1,1,1,1
364,904468.4099999968,1,1,1,1,1,1,1,1,1,1,1
365,934288.4270000013,1,1,1,1,1,1,1,1,1,1,1
366,929457.1710000008,1,1,1,1,1,1,1,1,1,1,1
367,911283.0529999983,1,1,1,1,1,1,1,1,1,1,1
368,931860.3029999989,1,1,1,1,1,1,1,1,1,1,1
369,920264.5439999999,1,1,1,1,1,1,1,1,1,1,1
370,431705.64800000004,1,1,1,1,1,1,1,1,1,1,1
32,438885.32899999974,1,1,1,1,1,1,1,1,1,1,1
33,121214.18400000004,1,1,1,1,1,1,1,1,1,1,1
370,476242.6749999991,1,1,1,1,1,1,1,1,1,1,1
371,933378.1699999999,1,1,1,1,1,1,1,1,1,1,1
372,917996.9739999983,1,1,1,1,1,1,1,1,1,1,1
373,915319.291,1,1,1,1,1,1,1,1,1,1,1
374,931288.7400000001,1,1,1,1,1,1,1,1,1,1,1
375,927563.8209999974,1,1,1,1,1,1,1,1,1,1,1
376,927691.0769999996,1,1,1,1,1,1,1,1,1,1,1
377,920222.9609999995,1,1,1,1,1,1,1,1,1,1,1
378,891206.1279999998,1,1,1,1,1,1,1,1,1,1,1
33,547841.1279999989,1,1,1,1,1,1,1,1,1,1,1
34,9682.844,1,1,1,1,1,1,1,1,1,1,1
-1,220887.63500000018,1,1,1,1,1,1,1,1,1,1,1
0,327901.9239999996,1,1,1,1,1,1,1,1,1,1,1
378,25868.226999999995,1,1,1,1,1,1,1,1,1,1,1
379,944885.4009999991,1,1,1,1,1,1,1,1,1,1,1
380,933576.227999999,1,1,1,1,1,1,1,1,1,1,1
381,913886.1970000017,1,1,1,1,1,1,1,1,1,1,1
382,920407.7020000004,1,1,1,1,1,1,1,1,1,1,1
383,930393.7390000026,1,1,1,1,1,1,1,1,1,1,1
384,918041.0769999985,1,1,1,1,1,1,1,1,1,1,1
385,933307.0700000006,1,1,1,1,1,1,1,1,1,1,1
386,928919.8749999987,1,1,1,1,1,1,1,1,1,1,1
387,401346.3090000002,1,1,1,1,1,1,1,1,1,1,1
34,552750.246999999,1,1,1,1,1,1,1,1,1,1,1
387,520174.45899999974,1,1,1,1,1,1,1,1,1,1,1
388,936786.1410000002,1,1,1,1,1,1,1,1,1,1,1
389,909889.5969999983,1,1,1,1,1,1,1,1,1,1,1
390,924620.0359999997,1,1,1,1,1,1,1,1,1,1,1
391,934415.1389999966,1,1,1,1,1,1,1,1,1,1,1
392,919746.6880000012,1,1,1,1,1,1,1,1,1,1,1
393,945608.1760000013,1,1,1,1,1,1,1,1,1,1,1
394,929180.6829999996,1,1,1,1,1,1,1,1,1,1,1
395,773135.4680000019,1,1,1,1,1,1,1,1,1,1,1
34,100484.28100000003,1,1,1,1,1,1,1,1,1,1,1
35,449468.1989999992,1,1,1,1,1,1,1,1,1,1,1
395,155518.823,1,1,1,1,1,1,1,1,1,1,1
396,944380.0840000024,1,1,1,1,1,1,1,1,1,1,1
397,911358.6539999987,1,1,1,1,1,1,1,1,1,1,1
398,934747.0420000004,1,1,1,1,1,1,1,1,1,1,1
399,942093.4029999995,1,1,1,1,1,1,1,1,1,1,1
400,925778.4500000004,1,1,1,1,1,1,1,1,1,1,1
401,942061.3180000015,1,1,1,1,1,1,1,1,1,1,1
402,938998.9099999997,1,1,1,1,1,1,1,1,1,1,1
403,925170.5070000008,1,1,1,1,1,1,1,1,1,1,1
404,226352.01300000015,1,1,1,1,1,1,1,1,1,1,1
35,214500.52500000008,1,1,1,1,1,1,1,1,1,1,1
36,674802.692,1,1,1,1,1,1,1,1,1,1,1
37,233978.67300000007,1,1,1,1,1,1,1,1,1,1,1
404,692611.3909999995,1,1,1,1,1,1,1,1,1,1,1
405,939990.8459999984,1,1,1,1,1,1,1,1,1,1,1
406,917993.385,1,1,1,1,1,1,1,1,1,1,1
407,940652.8810000012,1,1,1,1,1,1,1,1,1,1,1
408,933338.4519999997,1,1,1,1,1,1,1,1,1,1,1
409,901302.6399999991,1,1,1,1,1,1,1,1,1,1,1
410,940184.210000001,1,1,1,1,1,1,1,1,1,1,1
411,946835.7110000035,1,1,1,1,1,1,1,1,1,1,1
412,600462.5930000012,1,1,1,1,1,1,1,1,1,1,1
37,404348.2949999997,1,1,1,1,1,1,1,1,1,1,1
38,340478.18699999934,1,1,1,1,1,1,1,1,1,1,1
412,314662.0860000004,1,1,1,1,1,1,1,1,1,1,1
413,932490.7090000003,1,1,1,1,1,1,1,1,1,1,1
414,935564.0660000006,1,1,1,1,1,1,1,1,1,1,1
415,936672.7010000029,1,1,1,1,1,1,1,1,1,1,1
416,952983.903999999,1,1,1,1,1,1,1,1,1,1,1
417,935403.8849999985,1,1,1,1,1,1,1,1,1,1,1
418,930422.8520000023,1,1,1,1,1,1,1,1,1,1,1
419,943807.5550000024,1,1,1,1,1,1,1,1,1,1,1
420,930953.6000000008,1,1,1,1,1,1,1,1,1,1,1
421,53215.99699999998,1,1,1,1,1,1,1,1,1,1,1
38,203369.33000000028,1,1,1,1,1,1,1,1,1,1,1
39,417971.34000000055,1,1,1,1,1,1,1,1,1,1,1
421,913291.6750000003,1,1,1,1,1,1,1,1,1,1,1
422,948209.7090000013,1,1,1,1,1,1,1,1,1,1,1
423,933095.4490000029,1,1,1,1,1,1,1,1,1,1,1
424,953131.1060000007,1,1,1,1,1,1,1,1,1,1,1
425,940425.2309999975,1,1,1,1,1,1,1,1,1,1,1
426,938867.2639999996,1,1,1,1,1,1,1,1,1,1,1
427,926913.8480000001,1,1,1,1,1,1,1,1,1,1,1
428,927415.3770000006,1,1,1,1,1,1,1,1,1,1,1
429,718071.6989999992,1,1,1,1,1,1,1,1,1,1,1
39,259688.76900000003,1,1,1,1,1,1,1,1,1,1,1
40,297499.783,1,1,1,1,1,1,1,1,1,1,1
429,232568.3370000002,1,1,1,1,1,1,1,1,1,1,1
430,950249.1799999957,1,1,1,1,1,1,1,1,1,1,1
431,931049.5460000029,1,1,1,1,1,1,1,1,1,1,1
432,960415.7449999976,1,1,1,1,1,1,1,1,1,1,1
433,944619.8699999998,1,1,1,1,1,1,1,1,1,1,1
434,938186.6489999996,1,1,1,1,1,1,1,1,1,1,1
435,950364.7010000001,1,1,1,1,1,1,1,1,1,1,1
436,933190.1459999994,1,1,1,1,1,1,1,1,1,1,1
437,952363.4289999978,1,1,1,1,1,1,1,1,1,1,1
438,109111.36299999998,1,1,1,1,1,1,1,1,1,1,1
40,365412.0610000002,1,1,1,1,1,1,1,1,1,1,1
41,189629.9930000001,1,1,1,1,1,1,1,1,1,1,1
438,838269.2409999984,1,1,1,1,1,1,1,1,1,1,1
439,937731.5249999993,1,1,1,1,1,1,1,1,1,1,1
440,964256.6630000019,1,1,1,1,1,1,1,1,1,1,1
441,943616.0010000005,1,1,1,1,1,1,1,1,1,1,1
442,948806.697,1,1,1,1,1,1,1,1,1,1,1
443,958670.3409999992,1,1,1,1,1,1,1,1,1,1,1
444,937467.1480000023,1,1,1,1,1,1,1,1,1,1,1
445,952867.8330000014,1,1,1,1,1,1,1,1,1,1,1
446,465946.46000000054,1,1,1,1,1,1,1,1,1,1,1
41,469207.2719999999,1,1,1,1,1,1,1,1,1,1,1
42,82412.37299999999,1,1,1,1,1,1,1,1,1,1,1
446,486808.06000000006,1,1,1,1,1,1,1,1,1,1,1
447,948770.2660000005,1,1,1,1,1,1,1,1,1,1,1
448,973725.2700000005,1,1,1,1,1,1,1,1,1,1,1
449,957739.5939999982,1,1,1,1,1,1,1,1,1,1,1
450,930182.4659999995,1,1,1,1,1,1,1,1,1,1,1
451,950341.0779999999,1,1,1,1,1,1,1,1,1,1,1
452,959643.5329999987,1,1,1,1,1,1,1,1,1,1,1
453,955835.1259999993,1,1,1,1,1,1,1,1,1,1,1
454,943490.558999998,1,1,1,1,1,1,1,1,1,1,1
455,55864.034999999996,1,1,1,1,1,1,1,1,1,1,1
42,553098.3929999991,1,1,1,1,1,1,1,1,1,1,1
455,910404.6359999989,1,1,1,1,1,1,1,1,1,1,1
456,931017.4130000006,1,1,1,1,1,1,1,1,1,1,1
457,940103.3120000026,1,1,1,1,1,1,1,1,1,1,1
458,952803.3879999991,1,1,1,1,1,1,1,1,1,1,1
459,966733.5440000007,1,1,1,1,1,1,1,1,1,1,1
460,959747.2430000025,1,1,1,1,1,1,1,1,1,1,1
461,955574.8530000012,1,1,1,1,1,1,1,1,1,1,1
462,959600.0939999997,1,1,1,1,1,1,1,1,1,1,1
463,429489.51600000006,1,1,1,1,1,1,1,1,1,1,1
42,30944.15899999999,1,1,1,1,1,1,1,1,1,1,1
43,530759.2729999998,1,1,1,1,1,1,1,1,1,1,1
0,323175.7160000003,1,1,1,1,1,1,1,1,1,1,1
1,219052.65399999998,1,1,1,1,1,1,1,1,1,1,1
463,518221.5889999992,1,1,1,1,1,1,1,1,1,1,1
464,945108.4770000012,1,1,1,1,1,1,1,1,1,1,1
465,944983.1689999969,1,1,1,1,1,1,1,1,1,1,1
466,964678.9259999987,1,1,1,1,1,1,1,1,1,1,1
467,949412.3510000003,1,1,1,1,1,1,1,1,1,1,1
468,964551.8669999982,1,1,1,1,1,1,1,1,1,1,1
469,628564.7319999993,1,1,1,1,1,1,1,1,1,1,1
497,441059.7620000004,1,1,1,1,1,1,1,1,1,1,1
498,473237.5349999987,1,1,1,1,1,1,1,1,1,1,1
499,464406.779,1,1,1,1,1,1,1,1,1,1,1
500,491680.92899999995,1,1,1,1,1,1,1,1,1,1,1
501,156898.76599999995,1,1,1,1,1,1,1,1,1,1,1
43,142592.18599999993,1,1,1,1,1,1,1,1,1,1,1
44,662549.9919999995,1,1,1,1,1,1,1,1,1,1,1
45,320206.1560000003,1,1,1,1,1,1,1,1,1,1,1
501,326643.2459999995,1,1,1,1,1,1,1,1,1,1,1
502,594737.7949999999,1,1,1,1,1,1,1,1,1,1,1
503,956107.7549999998,1,1,1,1,1,1,1,1,1,1,1
504,945296.5519999997,1,1,1,1,1,1,1,1,1,1,1
505,946325.5950000014,1,1,1,1,1,1,1,1,1,1,1
506,960140.2610000009,1,1,1,1,1,1,1,1,1,1,1
507,972758.7859999973,1,1,1,1,1,1,1,1,1,1,1
508,983652.3500000018,1,1,1,1,1,1,1,1,1,1,1
509,964839.0129999982,1,1,1,1,1,1,1,1,1,1,1
510,391789.1669999996,1,1,1,1,1,1,1,1,1,1,1
45,343314.60199999966,1,1,1,1,1,1,1,1,1,1,1
46,248758.72699999996,1,1,1,1,1,1,1,1,1,1,1
510,576804.8700000007,1,1,1,1,1,1,1,1,1,1,1
511,952690.8410000013,1,1,1,1,1,1,1,1,1,1,1
512,964084.2759999995,1,1,1,1,1,1,1,1,1,1,1
513,978072.5699999995,1,1,1,1,1,1,1,1,1,1,1
514,971079.5900000012,1,1,1,1,1,1,1,1,1,1,1
515,969228.3710000002,1,1,1,1,1,1,1,1,1,1,1
516,964662.8919999996,1,1,1,1,1,1,1,1,1,1,1
517,959168.926,1,1,1,1,1,1,1,1,1,1,1
518,752514.9710000008,1,1,1,1,1,1,1,1,1,1,1
46,414625.99199999997,1,1,1,1,1,1,1,1,1,1,1
47,169548.74099999998,1,1,1,1,1,1,1,1,1,1,1
518,232624.58200000014,1,1,1,1,1,1,1,1,1,1,1
519,959829.4300000011,1,1,1,1,1,1,1,1,1,1,1
520,979536.6889999987,1,1,1,1,1,1,1,1,1,1,1
521,978199.3030000022,1,1,1,1,1,1,1,1,1,1,1
522,969628.1490000009,1,1,1,1,1,1,1,1,1,1,1
523,983753.9130000012,1,1,1,1,1,1,1,1,1,1,1
524,975031.3389999986,1,1,1,1,1,1,1,1,1,1,1
525,965166.9030000034,1,1,1,1,1,1,1,1,1,1,1
526,474154.353,1,1,1,1,1,1,1,1,1,1,1
47,494299.0790000011,1,1,1,1,1,1,1,1,1,1,1
48,57782.895000000004,1,1,1,1,1,1,1,1,1,1,1
526,503131.935,1,1,1,1,1,1,1,1,1,1,1
527,970056.8840000007,1,1,1,1,1,1,1,1,1,1,1
528,786690.4549999996,1,1,1,1,1,1,1,1,1,1,1
529,979501.4989999982,1,1,1,1,1,1,1,1,1,1,1
530,965619.2759999997,1,1,1,1,1,1,1,1,1,1,1
531,986942.4670000009,1,1,1,1,1,1,1,1,1,1,1
532,962179.7560000005,1,1,1,1,1,1,1,1,1,1,1
533,973397.9070000006,1,1,1,1,1,1,1,1,1,1,1
534,981877.4899999994,1,1,1,1,1,1,1,1,1,1,1
535,24046.563000000006,1,1,1,1,1,1,1,1,1,1,1
48,565028.4250000023,1,1,1,1,1,1,1,1,1,1,1
535,944883.9199999995,1,1,1,1,1,1,1,1,1,1,1
536,1002598.6239999993,1,1,1,1,1,1,1,1,1,1,1
537,953360.1829999988,1,1,1,1,1,1,1,1,1,1,1
538,967514.586,1,1,1,1,1,1,1,1,1,1,1
539,975070.3339999993,1,1,1,1,1,1,1,1,1,1,1
540,973488.7549999978,1,1,1,1,1,1,1,1,1,1,1
541,985817.2719999984,1,1,1,1,1,1,1,1,1,1,1
542,972263.8080000014,1,1,1,1,1,1,1,1,1,1,1
543,381031.327,1,1,1,1,1,1,1,1,1,1,1
48,27998.02599999999,1,1,1,1,1,1,1,1,1,1,1
49,533820.1630000006,1,1,1,1,1,1,1,1,1,1,1
543,601089.9019999995,1,1,1,1,1,1,1,1,1,1,1
544,981953.6119999987,1,1,1,1,1,1,1,1,1,1,1
545,960198.8729999991,1,1,1,1,1,1,1,1,1,1,1
546,984388.1439999986,1,1,1,1,1,1,1,1,1,1,1
547,957385.8199999989,1,1,1,1,1,1,1,1,1,1,1
548,976037.6179999993,1,1,1,1,1,1,1,1,1,1,1
549,987232.9579999993,1,1,1,1,1,1,1,1,1,1,1
550,961679.5300000024,1,1,1,1,1,1,1,1,1,1,1
551,988252.566000002,1,1,1,1,1,1,1,1,1,1,1
552,21580.696000000004,1,1,1,1,1,1,1,1,1,1,1
49,144395.0030000001,1,1,1,1,1,1,1,1,1,1,1
50,418636.70100000035,1,1,1,1,1,1,1,1,1,1,1
552,962870.3090000029,1,1,1,1,1,1,1,1,1,1,1
553,977881.7190000018,1,1,1,1,1,1,1,1,1,1,1
554,992491.7359999998,1,1,1,1,1,1,1,1,1,1,1
555,969118.5770000012,1,1,1,1,1,1,1,1,1,1,1
556,972562.9779999998,1,1,1,1,1,1,1,1,1,1,1
557,989278.3809999994,1,1,1,1,1,1,1,1,1,1,1
558,978404.8720000001,1,1,1,1,1,1,1,1,1,1,1
559,968691.0710000022,1,1,1,1,1,1,1,1,1,1,1
560,377021.7420000001,1,1,1,1,1,1,1,1,1,1,1
50,248477.36200000037,1,1,1,1,1,1,1,1,1,1,1
51,307061.74700000044,1,1,1,1,1,1,1,1,1,1,1
560,603011.7339999988,1,1,1,1,1,1,1,1,1,1,1
561,973367.192999999,1,1,1,1,1,1,1,1,1,1,1
562,990747.8259999987,1,1,1,1,1,1,1,1,1,1,1
563,982170.0280000004,1,1,1,1,1,1,1,1,1,1,1
564,969125.6920000026,1,1,1,1,1,1,1,1,1,1,1
565,980476.1529999981,1,1,1,1,1,1,1,1,1,1,1
566,525578.5679999992,1,1,1,1,1,1,1,1,1,1,1
567,498194.72099999996,1,1,1,1,1,1,1,1,1,1,1
568,944027.2370000002,1,1,1,1,1,1,1,1,1,1,1
569,694855.8679999999,1,1,1,1,1,1,1,1,1,1,1
51,360472.0920000005,1,1,1,1,1,1,1,1,1,1,1
52,665991.5349999988,1,1,1,1,1,1,1,1,1,1,1
53,86441.38199999997,1,1,1,1,1,1,1,1,1,1,1
569,294290.3830000003,1,1,1,1,1,1,1,1,1,1,1
570,1003246.9499999986,1,1,1,1,1,1,1,1,1,1,1
571,972811.0050000007,1,1,1,1,1,1,1,1,1,1,1
572,963966.1610000016,1,1,1,1,1,1,1,1,1,1,1
573,990745.3660000007,1,1,1,1,1,1,1,1,1,1,1
574,976247.1750000019,1,1,1,1,1,1,1,1,1,1,1
575,992391.3829999975,1,1,1,1,1,1,1,1,1,1,1
576,980943.1779999986,1,1,1,1,1,1,1,1,1,1,1
577,960133.3550000004,1,1,1,1,1,1,1,1,1,1,1
578,204652.11999999994,1,1,1,1,1,1,1,1,1,1,1
53,565702.707,1,1,1,1,1,1,1,1,1,1,1
1,420619.59100000106,1,1,1,1,1,1,1,1,1,1,1
2,129170.50400000012,1,1,1,1,1,1,1,1,1,1,1
578,801854.395000001,1,1,1,1,1,1,1,1,1,1,1
579,973348.0850000032,1,1,1,1,1,1,1,1,1,1,1
580,997260.1179999986,1,1,1,1,1,1,1,1,1,1,1
581,971155.0340000018,1,1,1,1,1,1,1,1,1,1,1
582,982983.4479999979,1,1,1,1,1,1,1,1,1,1,1
583,997349.5330000004,1,1,1,1,1,1,1,1,1,1,1
584,966875.264000001,1,1,1,1,1,1,1,1,1,1,1
585,1005954.6579999989,1,1,1,1,1,1,1,1,1,1,1
586,556586.5909999991,1,1,1,1,1,1,1,1,1,1,1
53,22442.155,1,1,1,1,1,1,1,1,1,1,1
54,537723.2880000001,1,1,1,1,1,1,1,1,1,1,1
586,426840.95500000025,1,1,1,1,1,1,1,1,1,1,1
587,987118.2679999982,1,1,1,1,1,1,1,1,1,1,1
588,995186.0110000011,1,1,1,1,1,1,1,1,1,1,1
589,955095.0730000008,1,1,1,1,1,1,1,1,1,1,1
590,989225.7459999985,1,1,1,1,1,1,1,1,1,1,1
591,982352.647000002,1,1,1,1,1,1,1,1,1,1,1
592,993871.2869999998,1,1,1,1,1,1,1,1,1,1,1
593,1003880.1300000005,1,1,1,1,1,1,1,1,1,1,1
594,925937.7350000014,1,1,1,1,1,1,1,1,1,1,1
595,23997.220000000005,1,1,1,1,1,1,1,1,1,1,1
54,136013.93699999986,1,1,1,1,1,1,1,1,1,1,1
55,424481.5039999998,1,1,1,1,1,1,1,1,1,1,1
595,892067.7689999993,1,1,1,1,1,1,1,1,1,1,1
596,958394.7279999988,1,1,1,1,1,1,1,1,1,1,1
597,978195.0690000025,1,1,1,1,1,1,1,1,1,1,1
598,982334.9629999986,1,1,1,1,1,1,1,1,1,1,1
599,816225.406,1,1,1,1,1,1,1,1,1,1,1
600,779609.9179999996,1,1,1,1,1,1,1,1,1,1,1
601,783856.716999999,1,1,1,1,1,1,1,1,1,1,1
602,872740.8369999987,1,1,1,1,1,1,1,1,1,1,1
603,984964.698,1,1,1,1,1,1,1,1,1,1,1
604,1003412.556999999,1,1,1,1,1,1,1,1,1,1,1
605,286049.188,1,1,1,1,1,1,1,1,1,1,1
55,251529.18999999997,1,1,1,1,1,1,1,1,1,1,1
56,323078.3950000003,1,1,1,1,1,1,1,1,1,1,1
605,698685.6569999999,1,1,1,1,1,1,1,1,1,1,1
606,997922.6290000026,1,1,1,1,1,1,1,1,1,1,1
607,1008693.9359999961,1,1,1,1,1,1,1,1,1,1,1
608,978497.3829999999,1,1,1,1,1,1,1,1,1,1,1
609,1004026.7919999999,1,1,1,1,1,1,1,1,1,1,1
610,1000366.2379999998,1,1,1,1,1,1,1,1,1,1,1
611,981773.0580000011,1,1,1,1,1,1,1,1,1,1,1
612,1012557.8310000013,1,1,1,1,1,1,1,1,1,1,1
613,649748.001999999,1,1,1,1,1,1,1,1,1,1,1
56,358687.42899999995,1,1,1,1,1,1,1,1,1,1,1
57,208313.7199999998,1,1,1,1,1,1,1,1,1,1,1
613,331514.53800000006,1,1,1,1,1,1,1,1,1,1,1
614,1000586.4390000006,1,1,1,1,1,1,1,1,1,1,1
615,995195.0680000001,1,1,1,1,1,1,1,1,1,1,1
616,992845.5889999971,1,1,1,1,1,1,1,1,1,1,1
617,1017002.6699999992,1,1,1,1,1,1,1,1,1,1,1
618,983150.9410000006,1,1,1,1,1,1,1,1,1,1,1
619,950125.4870000014,1,1,1,1,1,1,1,1,1,1,1
620,987304.5819999968,1,1,1,1,1,1,1,1,1,1,1
621,994137.5470000014,1,1,1,1,1,1,1,1,1,1,1
622,353596.76000000007,1,1,1,1,1,1,1,1,1,1,1
57,465836.7149999995,1,1,1,1,1,1,1,1,1,1,1
58,94959.94900000002,1,1,1,1,1,1,1,1,1,1,1
622,633467.1860000007,1,1,1,1,1,1,1,1,1,1,1
623,1024268.4790000003,1,1,1,1,1,1,1,1,1,1,1
624,982862.2420000028,1,1,1,1,1,1,1,1,1,1,1
625,977967.5209999991,1,1,1,1,1,1,1,1,1,1,1
626,972920.2909999975,1,1,1,1,1,1,1,1,1,1,1
627,995444.8489999978,1,1,1,1,1,1,1,1,1,1,1
628,1010106.591999998,1,1,1,1,1,1,1,1,1,1,1
629,1010039.9659999972,1,1,1,1,1,1,1,1,1,1,1
630,993820.4390000007,1,1,1,1,1,1,1,1,1,1,1
631,108712.034,1,1,1,1,1,1,1,1,1,1,1
58,563983.7350000003,1,1,1,1,1,1,1,1,1,1,1
59,554915.0309999988,1,1,1,1,1,1,1,1,1,1,1
631,900417.3419999995,1,1,1,1,1,1,1,1,1,1,1
632,990560.8960000005,1,1,1,1,1,1,1,1,1,1,1
633,1009001.7089999998,1,1,1,1,1,1,1,1,1,1,1
634,1015198.300000003,1,1,1,1,1,1,1,1,1,1,1
635,974686.3479999991,1,1,1,1,1,1,1,1,1,1,1
636,1011092.3700000002,1,1,1,1,1,1,1,1,1,1,1
637,1006940.7250000013,1,1,1,1,1,1,1,1,1,1,1
638,996964.1589999999,1,1,1,1,1,1,1,1,1,1,1
639,505456.2279999994,1,1,1,1,1,1,1,1,1,1,1
59,122779.63700000009,1,1,1,1,1,1,1,1,1,1,1
60,441690.78899999935,1,1,1,1,1,1,1,1,1,1,1
639,513942.3509999998,1,1,1,1,1,1,1,1,1,1,1
640,1012585.8449999996,1,1,1,1,1,1,1,1,1,1,1
641,959643.839999999,1,1,1,1,1,1,1,1,1,1,1
642,1011700.9249999995,1,1,1,1,1,1,1,1,1,1,1
643,980527.2199999982,1,1,1,1,1,1,1,1,1,1,1
644,1020212.837,1,1,1,1,1,1,1,1,1,1,1
645,904271.2100000016,1,1,1,1,1,1,1,1,1,1,1
646,522986.9170000025,1,1,1,1,1,1,1,1,1,1,1
647,503212.20000000106,1,1,1,1,1,1,1,1,1,1,1
648,517115.9860000003,1,1,1,1,1,1,1,1,1,1,1
649,495021.7569999977,1,1,1,1,1,1,1,1,1,1,1
650,191638.81700000045,1,1,1,1,1,1,1,1,1,1,1
60,225559.79399999976,1,1,1,1,1,1,1,1,1,1,1
61,332720.60499999986,1,1,1,1,1,1,1,1,1,1,1
650,343735.89599999995,1,1,1,1,1,1,1,1,1,1,1
651,527267.3420000002,1,1,1,1,1,1,1,1,1,1,1
652,511190.69100000104,1,1,1,1,1,1,1,1,1,1,1
653,516937.01700000186,1,1,1,1,1,1,1,1,1,1,1
654,516786.82900000457,1,1,1,1,1,1,1,1,1,1,1
655,515943.15400000336,1,1,1,1,1,1,1,1,1,1,1
656,522789.2539999995,1,1,1,1,1,1,1,1,1,1,1
657,536530.9830000004,1,1,1,1,1,1,1,1,1,1,1
658,518786.5549999988,1,1,1,1,1,1,1,1,1,1,1
659,506043.48199999944,1,1,1,1,1,1,1,1,1,1,1
660,519311.4610000025,1,1,1,1,1,1,1,1,1,1,1
661,524766.1220000024,1,1,1,1,1,1,1,1,1,1,1
662,525192.6200000041,1,1,1,1,1,1,1,1,1,1,1
663,515483.51400000096,1,1,1,1,1,1,1,1,1,1,1
664,501833.71199999994,1,1,1,1,1,1,1,1,1,1,1
665,516984.2889999996,1,1,1,1,1,1,1,1,1,1,1
666,251696.73400000035,1,1,1,1,1,1,1,1,1,1,1
61,338296.45800000045,1,1,1,1,1,1,1,1,1,1,1
62,218219.25000000035,1,1,1,1,1,1,1,1,1,1,1
666,239599.54299999992,1,1,1,1,1,1,1,1,1,1,1
667,520004.95100000076,1,1,1,1,1,1,1,1,1,1,1
668,502147.20599999995,1,1,1,1,1,1,1,1,1,1,1
669,504091.65700000065,1,1,1,1,1,1,1,1,1,1,1
670,525366.7750000026,1,1,1,1,1,1,1,1,1,1,1
671,511808.7600000032,1,1,1,1,1,1,1,1,1,1,1
672,514543.5440000001,1,1,1,1,1,1,1,1,1,1,1
673,988281.869000004,1,1,1,1,1,1,1,1,1,1,1
674,1024361.4470000027,1,1,1,1,1,1,1,1,1,1,1
675,1018226.5870000022,1,1,1,1,1,1,1,1,1,1,1
676,1020941.4909999993,1,1,1,1,1,1,1,1,1,1,1
677,1032886.0549999992,1,1,1,1,1,1,1,1,1,1,1
678,82780.803,1,1,1,1,1,1,1,1,1,1,1
62,452047.582,1,1,1,1,1,1,1,1,1,1,1
63,113592.26799999991,1,1,1,1,1,1,1,1,1,1,1
2,528817.0540000004,1,1,1,1,1,1,1,1,1,1,1
3,19837.964999999986,1,1,1,1,1,1,1,1,1,1,1
678,941325.395999998,1,1,1,1,1,1,1,1,1,1,1
679,1031001.7580000007,1,1,1,1,1,1,1,1,1,1,1
680,1021064.4360000001,1,1,1,1,1,1,1,1,1,1,1
681,957800.0240000001,1,1,1,1,1,1,1,1,1,1,1
682,941449.9910000003,1,1,1,1,1,1,1,1,1,1,1
683,1024184.0380000001,1,1,1,1,1,1,1,1,1,1,1
684,1013829.0719999996,1,1,1,1,1,1,1,1,1,1,1
685,1029151.8889999992,1,1,1,1,1,1,1,1,1,1,1
686,630392.5229999995,1,1,1,1,1,1,1,1,1,1,1
63,556009.0489999993,1,1,1,1,1,1,1,1,1,1,1
686,388838.7660000003,1,1,1,1,1,1,1,1,1,1,1
687,1012337.8669999983,1,1,1,1,1,1,1,1,1,1,1
688,993828.2370000001,1,1,1,1,1,1,1,1,1,1,1
689,1000396.2670000028,1,1,1,1,1,1,1,1,1,1,1
690,1029438.111999998,1,1,1,1,1,1,1,1,1,1,1
691,1020134.236999999,1,1,1,1,1,1,1,1,1,1,1
692,1014089.8060000018,1,1,1,1,1,1,1,1,1,1,1
693,1017448.6389999966,1,1,1,1,1,1,1,1,1,1,1
694,1021450.7140000002,1,1,1,1,1,1,1,1,1,1,1
695,227979.96600000001,1,1,1,1,1,1,1,1,1,1,1
63,301.80299999999994,0,0,1,1,1,1,1,1,1,0,1
64,562634.8730000001,1,1,1,1,1,1,1,1,1,1,1
695,793953.1369999994,1,1,1,1,1,1,1,1,1,1,1
696,623914.15,1,1,1,1,1,1,1,1,1,1,1
697,504704.6189999994,1,1,1,1,1,1,1,1,1,1,1
698,505361.14399999974,1,1,1,1,1,1,1,1,1,1,1
699,503219.94399999885,1,1,1,1,1,1,1,1,1,1,1
700,504636.8160000017,1,1,1,1,1,1,1,1,1,1,1
701,500241.73500000173,1,1,1,1,1,1,1,1,1,1,1
702,503928.2939999997,1,1,1,1,1,1,1,1,1,1,1
703,507706.12399999966,1,1,1,1,1,1,1,1,1,1,1
704,506362.6200000007,1,1,1,1,1,1,1,1,1,1,1
705,504702.32599999936,1,1,1,1,1,1,1,1,1,1,1
706,510644.2250000008,1,1,1,1,1,1,1,1,1,1,1
707,505879.27500000113,1,1,1,1,1,1,1,1,1,1,1
708,509667.1519999996,1,1,1,1,1,1,1,1,1,1,1
709,502734.9900000007,1,1,1,1,1,1,1,1,1,1,1
710,237089.36200000005,1,1,1,1,1,1,1,1,1,1,1
64,112419.742,1,1,1,1,1,1,1,1,1,1,1
65,446013.201,1,1,1,1,1,1,1,1,1,1,1
710,265572.8999999999,1,1,1,1,1,1,1,1,1,1,1
711,505085.70899999933,1,1,1,1,1,1,1,1,1,1,1
712,515425.3110000004,1,1,1,1,1,1,1,1,1,1,1
713,508906.3149999992,1,1,1,1,1,1,1,1,1,1,1
714,514456.34200000035,1,1,1,1,1,1,1,1,1,1,1
715,518760.20700000005,1,1,1,1,1,1,1,1,1,1,1
716,514001.35700000054,1,1,1,1,1,1,1,1,1,1,1
717,505284.8089999996,1,1,1,1,1,1,1,1,1,1,1
65,223080.15500000023,1,1,1,1,1,1,1,1,1,1,1
66,682968.03,1,1,1,1,1,1,1,1,1,1,1
67,662184.176000002,1,1,1,1,1,1,1,1,1,1,1
68,683258.008000001,1,1,1,1,1,1,1,1,1,1,1
69,678411.9139999984,1,1,1,1,1,1,1,1,1,1,1
70,675966.8469999984,1,1,1,1,1,1,1,1,1,1,1
71,674244.4749999994,1,1,1,1,1,1,1,1,1,1,1
72,253556.29499999975,1,1,1,1,1,1,1,1,1,1,1
3,537582.6890000005,1,1,1,1,1,1,1,1,1,1,1
72,413051.42699999904,1,1,1,1,1,1,1,1,1,1,1
73,654807.262,1,1,1,1,1,1,1,1,1,1,1
74,676031.4340000006,1,1,1,1,1,1,1,1,1,1,1
75,670992.4529999997,1,1,1,1,1,1,1,1,1,1,1
76,663044.0659999994,1,1,1,1,1,1,1,1,1,1,1
77,674967.1840000004,1,1,1,1,1,1,1,1,1,1,1
78,670474.7009999984,1,1,1,1,1,1,1,1,1,1,1
79,670837.9549999988,1,1,1,1,1,1,1,1,1,1,1
80,670959.6180000032,1,1,1,1,1,1,1,1,1,1,1
81,673044.0840000014,1,1,1,1,1,1,1,1,1,1,1
82,313712.16099999996,1,1,1,1,1,1,1,1,1,1,1
3,85707.54000000004,1,1,1,1,1,1,1,1,1,1,1
4,452938.1490000001,1,1,1,1,1,1,1,1,1,1,1
82,356198.2769999998,1,1,1,1,1,1,1,1,1,1,1
83,672958.4350000005,1,1,1,1,1,1,1,1,1,1,1
84,678981.8730000005,1,1,1,1,1,1,1,1,1,1,1
85,292421.28300000017,1,1,1,1,1,1,1,1,1,1,1
86,677086.2639999989,1,1,1,1,1,1,1,1,1,1,1
87,670703.375000002,1,1,1,1,1,1,1,1,1,1,1
88,686525.2540000009,1,1,1,1,1,1,1,1,1,1,1
89,689430.4289999979,1,1,1,1,1,1,1,1,1,1,1
90,684633.4639999997,1,1,1,1,1,1,1,1,1,1,1
91,500722.99900000007,1,1,1,1,1,1,1,1,1,1,1
4,197363.46400000007,1,1,1,1,1,1,1,1,1,1,1
